{"cameraMode":{"drawMode":0,"name":"Shaded","section":"Shading Mode"},"sceneLighting":true,"audioPlay":false,"sceneViewState":{"m_AlwaysRefresh":false,"showFog":true,"showSkybox":true,"showFlares":true,"showImageEffects":true,"showParticleSystems":true,"showVisualEffectGraphs":true,"m_FxEnabled":true},"in2DMode":false,"pivot":{"x":-2.0692663192749025,"y":-3.5250353813171388,"z":58.334693908691409},"rotation":{"x":0.12824536859989167,"y":0.1681329309940338,"z":-0.022066744044423105,"w":0.9771378636360169},"size":7.542209625244141,"orthographic":false}