{"cameraMode":{"drawMode":0,"name":"Shaded","section":"Shading Mode"},"sceneLighting":true,"audioPlay":false,"sceneViewState":{"m_AlwaysRefresh":false,"showFog":true,"showSkybox":true,"showFlares":true,"showImageEffects":true,"showParticleSystems":true,"showVisualEffectGraphs":true,"m_FxEnabled":true},"in2DMode":false,"pivot":{"x":1183.415771484375,"y":705.4854125976563,"z":10.502670288085938},"rotation":{"x":0.18042458593845368,"y":0.029503026977181436,"z":-0.0054144710302352909,"w":0.9831332564353943},"size":92.67893981933594,"orthographic":false}