{"cameraMode":{"drawMode":0,"name":"Shaded","section":"Shading Mode"},"sceneLighting":true,"audioPlay":false,"sceneViewState":{"m_AlwaysRefresh":false,"showFog":true,"showSkybox":true,"showFlares":true,"showImageEffects":true,"showParticleSystems":true,"showVisualEffectGraphs":true,"m_FxEnabled":true},"in2DMode":false,"pivot":{"x":3.4940707683563234,"y":2.5691115856170656,"z":93.05014038085938},"rotation":{"x":-0.030300825834274293,"y":-0.015894509851932527,"z":0.00048575864639133215,"w":-0.9994208812713623},"size":157.07977294921876,"orthographic":false}