{"cameraMode":{"drawMode":0,"name":"Shaded","section":"Shading Mode"},"sceneLighting":true,"audioPlay":false,"sceneViewState":{"m_AlwaysRefresh":false,"showFog":true,"showSkybox":true,"showFlares":true,"showImageEffects":true,"showParticleSystems":true,"showVisualEffectGraphs":true,"m_FxEnabled":true},"in2DMode":false,"pivot":{"x":0.09383893013000488,"y":1.4104058742523194,"z":63.27777099609375},"rotation":{"x":0.13856936991214753,"y":-0.16467013955116273,"z":0.023451395332813264,"w":0.9763327836990356},"size":25.6705379486084,"orthographic":false}