{"cameraMode":{"drawMode":0,"name":"Shaded","section":"Shading Mode"},"sceneLighting":true,"audioPlay":false,"sceneViewState":{"m_AlwaysRefresh":false,"showFog":true,"showSkybox":true,"showFlares":true,"showImageEffects":true,"showParticleSystems":true,"showVisualEffectGraphs":true,"m_FxEnabled":true},"in2DMode":false,"pivot":{"x":30.75238800048828,"y":17.325273513793947,"z":69.04399871826172},"rotation":{"x":0.03624929487705231,"y":-0.05513110011816025,"z":0.0019930521957576277,"w":0.9978587031364441},"size":75.20047760009766,"orthographic":false}