{"cameraMode":{"drawMode":0,"name":"Shaded","section":"Shading Mode"},"sceneLighting":true,"audioPlay":false,"sceneViewState":{"m_AlwaysRefresh":false,"showFog":true,"showSkybox":true,"showFlares":true,"showImageEffects":true,"showParticleSystems":true,"showVisualEffectGraphs":true,"m_FxEnabled":true},"in2DMode":false,"pivot":{"x":201.76373291015626,"y":336.809814453125,"z":72.10052490234375},"rotation":{"x":0.08986351639032364,"y":0.018822021782398225,"z":-0.0016951366560533643,"w":0.9957878589630127},"size":784.15283203125,"orthographic":false}