{"cameraMode":{"drawMode":0,"name":"Shaded","section":"Shading Mode"},"sceneLighting":true,"audioPlay":false,"sceneViewState":{"m_AlwaysRefresh":false,"showFog":true,"showSkybox":true,"showFlares":true,"showImageEffects":true,"showParticleSystems":true,"showVisualEffectGraphs":true,"m_FxEnabled":true},"in2DMode":false,"pivot":{"x":16.25381851196289,"y":26.28913688659668,"z":60.386409759521487},"rotation":{"x":0.1238502636551857,"y":0.07227154076099396,"z":-0.009040100499987603,"w":0.9896345138549805},"size":24.047780990600587,"orthographic":false}