{"cameraMode":{"drawMode":0,"name":"Shaded","section":"Shading Mode"},"sceneLighting":true,"audioPlay":false,"sceneViewState":{"m_AlwaysRefresh":false,"showFog":true,"showSkybox":true,"showFlares":true,"showImageEffects":true,"showParticleSystems":true,"showVisualEffectGraphs":true,"m_FxEnabled":true},"in2DMode":false,"pivot":{"x":-3.691331386566162,"y":-7.022683620452881,"z":78.76961517333985},"rotation":{"x":-0.028672020882368089,"y":0.09640970826148987,"z":-0.002773617161437869,"w":-0.9949396252632141},"size":37.075496673583987,"orthographic":false}